reviewer,date_reviewed,star_rating,message,order_id
Samantha,04/01/2026,5,"This G-tube extension holder is phenomenal. As a mom who is relatively new to the medically complex world, it is amazing to see what other families who are going through the same things have come up with to make life easier. I’ve always hated having our extensions laying flat to dry thinking that they never really get clean. This way they can completely dry out and not make a mess or be laying all over my counters. Totally worth it and arrived so fast!",4011589642
Melissa,03/27/2026,5,My daughter thinks this will come very handy and she is looking forward to using it!,4010171223
Tiffany,03/19/2026,5,Works perfectly for a gj tube,3993568564
katie,02/22/2026,5,Great item.  Just as described.,3978225397
Jason,02/15/2026,5,They are very nicely 3d printed holders. I have used them for a couple weeks now and it works great.,3932518709
Erin Gresser,02/08/2026,5,This item was better then expected! The item did match. I ordered another one.,3959454975
Beatriz,01/25/2026,1,Found a bug within the item,3947731668
Emily,01/22/2026,5,Perfect for what I needed,3923081880
Molly,01/20/2026,5,Works great! 2nd time purchasing,3890117022
Katlyn,01/12/2026,5,Just as described.  Makes tube feeding alot easier and looks nice on wall,3923165412
cgwelcome,12/28/2025,5,Arrived on time as described,3848127056
Kyrsten,12/21/2025,3,they work as described but they do not glow in the dark as advertised (regardless of how much sunlight or other light they are exposed to).,3842777833
Kyrsten,12/21/2025,3,These do the job they were meant to do but they don’t really glow in the dark like they are advertised to… regardless of their exposure to sunlight or any other light source.,3842777833
Molly,12/03/2025,5,Works well ordering more for other sizes I need!,3875150881
Molly,12/03/2025,5,Works well! They use command strips to attach to wall. Which I like better because if I need to relocate for any reason I can continue to use elsewhere!,3875150881
Kristin,11/24/2025,5,"Works as expected.  Love it. I have the 60 ML syringes, 10 ML syringes and y extension holders all in a row makes tube flushes and changes ans meds so much easier.",3865481262
Kristin,11/24/2025,5,"Works as expected.  Love it. I have the 60 ML syringes, 10 ML syringes and y extension holders all in a row makes tube flushes and changes ans meds so much easier.",3865481262
Kristin,11/24/2025,5,"Works as expected. Love it. Have the 10 ml syringe, 60 ml syringe and y extention holders all in a row.",3865481262
santo837,11/24/2025,5,"Exactly what I needed, and exactly as pictured. Thank you!!",3844420675
santo837,11/24/2025,5,"Exactly what I needed, and exactly as pictured. Thank you!!",3844420675
Lauren,11/22/2025,2,Falls apart easy and it’s cheaply made. Sorry.,3772925549
Emma,11/16/2025,5,So great for drying extensions.,3778018657
eva,11/12/2025,1,This item was terrible . The Velcro used to attach this to a surface was not strong enough to hold the syringe. It was a mess,3822199239
Theresa,11/08/2025,5,Use this in my health office. I love this thing!,3790110472
Carmen Cruz,11/07/2025,5,Thanks you for all you do!,3796594448
Carrie,10/28/2025,5,just what we needed for our tubes,3807616083
Martha,10/11/2025,4,"Well made, shipped quickly. I thought the marble looked brown in the photos but it was more of a blue/grey. Doesn’t impact functionality. I have a couple of different kind of extensions and one doesn’t fit (bolus), but that was my own fault for not realizing the size difference. Great way to keep my extensions clean and dry. I store it with the syringe I use to clean them so it is easy and handy. Would recommend and order again",3744410834
Brittany,10/01/2025,5,Met expectations. Adhesion stuck well without worries of damaging my wall space. Works great!,3801397683
Michele,09/28/2025,5,Prefect for my daughter’s syringes.,3761971623
Leyna,09/27/2025,5,"The item is simple enough, but lightweight and is perfect for hanging tubes. Seller even supplies a wall sticker that easily comes off. Item was sent out quickly and works great for my two tubie kiddos",3773652750
Sondra,09/26/2025,5,I love this! Love how the attachment strip was already on it so I didn't have to struggle to line it up and attach it! Love how it organizes his meds  syringes .,3804473967
Erika,09/24/2025,5,This is extremely helpful in drying our g-tube extensions for us to go through the rotations of them throughout the day. It came with command strips & fits perfectly in the unused space on the back of our drying rack. Such a simple concept with big convenience on this sometimes challenging tube feeding journey.,3766675786
Harrison,09/23/2025,5,"As always, useful, functional and easy to put together, quality printed with no roughness or any extra filament, and to a near perfect standard!",3799823710
jessicaellen1060,09/21/2025,5,Game changer when cleaning and air drying g tubes.,3764154609
Ivy,09/17/2025,5,Exactly what I needed! Functional!,3779504900
Nicole,09/14/2025,5,Love it so much and looks and works great,3768977866
Sign in with Apple user,09/13/2025,5,So perfect for our needs!,3792718335
rlfitz27,09/11/2025,5,Cute product makes it her own style,3762079955
rlfitz27,09/11/2025,5,Great idea use all the time,3762079955
rlfitz27,09/11/2025,5,Great idea just what I needed,3762079955
Spoiler,09/10/2025,5,"Super item to hold my g-tube syringe…  perfect fit

Thanks",3789522725
Kala,09/03/2025,5,"Absolutely amazing quality, has helped me so much with organizing the extensions!  Highly recommended!",3781786550
Angela,09/02/2025,5,This works great for all our Gtube supplies. Easy to install and great quality!,3775267894
Sondra,09/02/2025,5,I just got this today and I love it! Set mine up where it can have them drain into the sink if needed!,3784935785
Charity,08/29/2025,5,I love this item so much. It makes me happy having the medical syringes organized. We have a lot of sizes for our foster daughter's medications and this organizer keeps them much cleaner than our previous storage method!! Thank you so much! We love it.,3779204771
Rebecca,08/27/2025,5,Works great to keep our son’s feeding tube extensions organized! Helps them dry fast!,3776304425
Avery,08/09/2025,5,Absolutely love this. Put at the head of the bed so we can hang them there when not in use and not lose them!,3752036300
Emily,07/21/2025,5,"Exactly what I needed for my tube supplies, thank you!",3656519551
Deborah,07/18/2025,5,"Looks like it will help a lot by giving us another ""hand.""  A free hand.",3730732476
Wendy,07/14/2025,5,Perfect for what I needed,3733786089
Jesse,07/13/2025,5,Very nice holder to keep extensions and a syring at arms reach,3702724420
Becca,07/10/2025,5,I debated on getting one for a bit but I am so very glad I did! I wish I had gotten a bigger one as I alternate extensions so much. I love it and it fits everything perfectly. Would definitely recommend!,3728062637
Katie,07/07/2025,1,This item does not work for its intended use for my family.,3709811060
Kelsey,07/04/2025,5,Works amazingly!! Definitely has extended the life of my sons extensions from them being able to dry correctly. And i loveee the glow in the dark!!,3651314064
Jenna,07/01/2025,5,Thank you for quick shipping and quality products!,3670172744
Gina,06/30/2025,5,Works great nice to not have to lay the syringe down on a dirty spot.,3703586338
lanibug4u,06/26/2025,5,What an amazing product I love it gonna definitely order several more. I attached it to my formula container.,3710176764
Gina,06/24/2025,5,Works perfect!! Great to hang my G- Tubes,3703586338
Helen,06/04/2025,5,"Lovely note added, even received a gift. :)",3675616076
"Erica ",05/29/2025,5,"Nicely made, exactly what we needed, sellers were super nice, overall, very happy customer!",3683938132
danniedrapesa,05/28/2025,5,Great quality and get help. Product arrived quickly as well,3684602142
danniedrapesa,05/28/2025,5,Quality is AMAZING and the items exceeded my expectations. I am beyond happy with my purchase,3684602142
Maya,05/16/2025,5,"Perfect sizing, wonderful service, and exceeded my expectations!",3676483660
Jasmine,05/12/2025,3,The device itself it great but how they choose to make it stick sucks.,3656010437
Ivy,05/09/2025,5,"I should have gotten them sooner! Well done!! Very pleased!! Great organizational tool! Functional, practical, space saving design. Reusable and absolutely worth the expense. Thank you!",3668882604
pbwam,05/06/2025,5,I ordered these again and use them daily.,3661455605
pbwam,05/06/2025,5,Now I can let the syringes and extensions air out while they aren't being used.,3661455605
pbwam,05/06/2025,5,This really helps to keep syringes out of the way but easily available when needed.,3661455605
LauraBeth,05/01/2025,5,So simple! Easy to install and use in seconds.,3665551123
Sue,04/30/2025,5,"I liked the way it looked. It’s configured for the task. 
It arrived later than expected but that’s probably on FedEx. 
I’m very pleased with it.",3666707733
Cait,04/18/2025,5,Works as intended and seems sturdy,3649295954
Cait,04/18/2025,5,Works as intended and seems very sturdy,3649295954
pbwam,04/17/2025,5,I'm looking forward to having a special place to put the feeding syringe and extensions. They fit very well in the holder.,3648405082
pbwam,04/17/2025,5,The syringes fit very well. It will be nice to have an out of the way place to put them.,3648405082
Teresa,04/16/2025,5,Great and much needed product.,3638884504
lanibug4u,04/11/2025,5,Very nice high-quality love it,3648768587
Ana,03/31/2025,5,Good Quality. Fast delivery. Easy installation.,3633737661
Lilah,03/23/2025,5,I have always been looking for something to use to hang extensions.   Just what I wanted-perfect!!,3618440502
PB,03/21/2025,2,The design is great but the size of syringe holders weren't help with our syringes. It doesn't hold syringes in place and the sticky doesn't stick. I was somewhat disappointed.,3610037108
Nic,03/19/2025,5,"Great product, fast shipping, highly recommended!",3609049788
Sign in with Apple user,03/15/2025,5,We can’t wait to use this item . It came with a 3m wall hanger already attached and it was an easy install for us . Very happy with purchase,3619706326
Laura,03/13/2025,4,"Great customer service and delivery. Rack itself is well made and good for storing small amounts of syringes. However, would prefer a larger rack with more holes for storing more syringes of a greater variety of sizes, and for drying plungers separately from syringes when using as a drying rack.",3600415006
John Burke,02/28/2025,5,Item was as described and a great seller! These racks are so convienient and help reduce clutter. This is the second time purchashing this rack. I will shop here again. Thank you!,3592697428
John Burke,02/27/2025,5,Great product and seller. These holders make storing my syringes so much easier. I am a repeat customer and will keep shopping here. Thank you!,3592697428
Nikki,02/24/2025,5,Perfect addition to my pump holder,3598390388
Kim,01/29/2025,5,"Happy with this item strong eell
Made",3576130899
Jennifer,01/26/2025,5,"This worksboth for straight single port and right-angle Y-port extensions! Design is brilliant. I got a Ubbi baby bottle drying rack for my syringes, then stuck this extension drying organizer to the wall above that. So ALL my tubie things fit on the same piece of wall/counter space and drip-dry freely.",3570614670
Alietty,01/25/2025,5,Great design and fast shipping! Thank you!,3575838999
Laura,01/22/2025,1,"Very cheaply designed. Rough edges around tubing holder and a command hook on the back. The first one I purchased was a much, much better quality.",3566149164
smv,12/31/2024,5,"This is a nifty little device for a very niche problem. I attached it to the front of a ""Feeding Bag Filling Stand"" I purchased from another Etsy seller and now my counters are much less cluttered and my supplies stay cleaner.",3528432259
SAM,12/28/2024,5,Pleasure doing business with this seller,3500803976
Carly,12/22/2024,5,,3514814930
Mike Bickel,12/20/2024,4,"Works as advertised, shipping is slow",3542501137
Tina,12/12/2024,4,"They were absolutely wonderful items that will help me keep things together for my daughter’s two feeding. The only negative thing is that all the edges are extremely sharp so if you bump into stuff like you know, I do you’re gonna have to buff them down a little bit, but I mean, that is something I could do extremelyfast so that it wasn’t a huge huge deal",3514477800
Kristina,12/12/2024,5,"Every thing is perfect with the order 
 So happy  with it infact I asked them if they could fashion me a tube lock for my gj button as my normal seller seems to have gone out of business.  Stay  tuned",3515943206
Kayli,12/01/2024,5,This fits both our 60ml syringe and extension sets perfect for storage and drying.,3486458316
Richard Malone,11/30/2024,5,The item matched the description,3483335574
Kimberly,11/23/2024,5,Such an amazing product! I never knew what to do with my extensions. I hated just laying them down on the drying rack. This is convenient and keeps the water from staying stagnant!,3485597992
Emily,11/21/2024,5,Absolutely love our new drying rack for extensions! So much easier to clean out in between uses.,3456840071
Adrienne,11/08/2024,5,This is awesome and will make hanging my son's extensions to dry take up way less counter space.  Seller also super responsive and super easy to work with.  Highly recommend this shop!,3449101954
Crystal,11/05/2024,5,It fits perfectly and I love it! No more water sitting in the line.,3465544463
Sarah,10/30/2024,5,Item came fast and just as expected,3460442378
Serena,10/28/2024,5,"Great product, super helpful for tubies.",3425705944
Laura,10/19/2024,5,Love it! Use it every day!,3417045544
Amanda Skomurski,10/15/2024,5,"will continue to purchase from, excellent items",3443089339
Erin,10/14/2024,4,Little smaller than I imagined but works great,3437277235
Addyson,10/13/2024,5,Love it and helps keep extensions organized!,3435996246
Addyson,10/13/2024,5,I love having all the sizes available quickly and conveniently.,3435996246
Addyson,10/13/2024,5,Great stand and super helpful in keeping all the supplies organized!,3435996246
Vanessa,10/12/2024,5,"This is my third time ordering for her! She's amazing as usual. I get one or two a year since the pump gets serviced. Very professional and l9ve the product, will continue to order as long as she's willing. Thank you Alicia!",3439084890
Virginia,10/11/2024,5,"I really needed an item like this, and a bonus is that it glows!",3427195764
Kourtni,09/14/2024,5,Helpful for g tube tube storage!,3412294345
Sign in with Apple user,09/11/2024,4,Item is what was expected. Felt like a Cheaper material but did the job just as expected.,3406367530
Devin,09/09/2024,5,Quality and functionality are top tier!,3344903835
Stephanie,09/08/2024,5,Arrived quickly. Great use for my daughter’s syringe and enteral extensions.,3403532192
Amber,09/05/2024,5,Great quality and just what we needed for our extensions to dry!,3355480763
barnfan09,08/18/2024,5,,3371320083
Momma to Miss S,08/15/2024,5,We love these! Perfect for our daughter's gtube extensions!,3360125220
L,07/30/2024,5,"Got exactly what I paid for, and it was shipped quickly. Happy with the item.",3364787269
Third Slimes,07/28/2024,4,"Sharp edges, stringy bits from 3D printing and wasn’t straight, still works fine",3368973304
Crystal,07/26/2024,5,Great item to have when you're using syringes. Keep off of them desktops.,3355446776
Amanda,07/14/2024,5,This is such a great idea for tubie families. We have an interesting sink setup and this is a perfect option so the extension tubes don't just lay around on the counter.,3352156036
Michele,07/09/2024,5,Great to do business with you again!,3346150072
Jessie,07/08/2024,5,Makes organizing the tube supplies easy!,3339044133
Jessie,07/08/2024,5,Perfect and makes organizing the tube supplies easy!,3339044133
Amber,07/06/2024,5,Very cute item! I love that it makes his equipment a little more personal and fun! The sticker fit perfectly.,3347327168
Devin,07/03/2024,5,"Works perfect, high quality. Definitely recommend.",3317123510
Michele,07/02/2024,5,Perfect for organizing syringes and feeding tubes,3346150072
Michele,06/27/2024,5,"They are great , neat and organized!",3326385130
Kelly,06/27/2024,5,"I am beyond happy and life already feels more organized.  
Already ready to ask for a custom order I love them so much!",3342947046
David Kerr,06/22/2024,5,Exactly what I was looking for.  Needed something to attach to sapphire pump case to hold 60cc syringe. Added velcro to this and pouch and it works perfect. Thank you!,3328153348
Emily,06/12/2024,5,Even came with a command strip for hanging it. It works great! I can’t complain about it at all,3326536900
Amber,06/12/2024,5,This g tube extension drying rack is exactly what I need! It is compact and easy to use. It keeps the extensions up and out of the way so they can dry. I recommend this if you are looking for a drying solution.,3322147916
Wendy N Martín,06/11/2024,4,"Si me gusto,está bonito!! E",3317864855
Michele,06/10/2024,5,Great product will definitely recommend,3326385130
Michele,06/07/2024,5,We love it! Tubes are up and out of the way,3312487693
Kim,04/30/2024,1,Still never received my Other,3264181658
Valine,04/26/2024,5,It is a very nice color and a great idea. Will probably order another one for travel.,3272410599
Brittney,04/18/2024,5,An excellent product! Thank you!,3217582682
April,04/16/2024,5,Great product and fast shipping,3268588416
April,04/16/2024,5,Great product and fast shipping,3268588416
ktsway10,04/12/2024,5,I’m excited to start using mine! Thanks.,3257512559
Cassie,04/08/2024,5,Perfect size holder. Comes with command strip!,3262016500
Cassie,04/08/2024,5,Perfect size and sturdy. Comes with command strip!,3262016500
Kristin,04/08/2024,5,I love this device! It will absolutely make having a feeding tube easier by keeping my supplies organized and readily available.,3234261040
Leslie,04/04/2024,5,Exactly what I was looking for.,3254899610
Jenny,04/04/2024,5,Fast shipping and great quality,3252918939
Christie,03/31/2024,5,Love it. So helpful to new nurses I’m ordering another,3225183928
Breanna,03/30/2024,5,Arrived very quickly. Color is great and it does hold my kiddos extension tubes easily. Command strips (the ones that are Velcro ish) are used to secure to your wall.,3242795520
Inactive Etsy Member,03/21/2024,5,Works great and looks much nicer than our old drying rack,3237894808
Brianna,03/17/2024,5,"The holder works as intended & the soft glow really helps me locate it at night without having to blind myself. My eyes are sensitive to light - to the point I even wear sunglasses inside a lot of days.  I keep my phone on 5% brightness just to be able to use it. And, I take one med via my tube every 3 hours, so its perfect for setting up a few doses at a time before I go lay down. It also has spots for En-Fit connectors, a 60cc flush, a slide in that fits 20cc & those enough for 5 doses in 10cc syringes. This will help me so much not having to roll all the way out to the kitchen every 3 hours all day & night for those specific meds. I can even put Tylenol in a 20cc for overnight too & the medicine cup fits right under the 60cc syringe. Empties of the 10s conveniently slide into the other side for easy organizing post dose too☺️",3228363521
Nicole,03/09/2024,5,Alicia was great! She sent a preview of the sticker & made an edit to the decal before shipping it out. Looks great!,3219750315
Thomas,02/29/2024,4,This is a great product and it is serving us well.,3216289439
Patricia,02/28/2024,5,This Product is awesome for parents/caretakers of tube fed babies,3212304959
Sami,02/27/2024,5,These syringe organizers are such a great idea and truly such a space saver! Our countertops were a mess with syringes and extensions and all of these organizational pieces are life changing! SUPER fast shipping!,3214640685
Sign in with Apple user,02/27/2024,5,Exactly what was advertised came,3221423488
Jennifer,02/22/2024,4,"These are amazing! I may need a 3m adhesive that sticks better. Mine keeps falling off. It could be the surface. This would be nice in a single as well. Like a single syringe and one extension as well! I don't like putting mine on the counter! Great color options and the glow is even better! Keep up the great work and thank you for making this process of having a special needs child more exciting and joyful with products. I love being a special needs mama. When we can incorporate fun things into our everyday lives, it makes it so much better!",3198451675
Keisha,02/10/2024,5,Exactly what I needed to hold my extensions and flushes.,3194725785
Yolonda,02/04/2024,5,I haven't used yet but I look forward to using them to organize my son meds and feeding tube.,3189973793
Christa,01/30/2024,5,Works great for gtube extensions,3176216615
Hilary,01/30/2024,5,"Item just as expected fast shipping item has held up well to shipping and my daughter looks adorable wearing it, seller also included extra freebie will buy from seller again they are so friendly",3112652193
Julie,01/27/2024,5,Looked good in the picture just what I needed for my line and one space for my SHRINGE.DOESN'T STICK VERY WELL AND IT IS NOT LUMINOUS.,3184685058
Brianna,01/26/2024,5,Excellent sticker! It really looks great on my pump 😊 makes it a little less hospital looking and more my own which is really great!,3180418382
jaffina1,01/18/2024,5,My son is 20. Where have these been his whole life? Love them!,3121710130
jaffina1,01/18/2024,5,Well this is handy! I love it because the tips of my son’s extensions are not touching anything after cleaning.,3121710130
jaffina1,01/18/2024,5,Perfect for having your flushes ready and tube and extension ready to go!,3121710130
Svetlana,01/14/2024,5,Absolutely love it! Thank you!,3142016131
Alexis,01/14/2024,5,I’ve been doing bolus feeds and meds for 10 years and I was thrilled to have come across these!! This is such an amazing way to organize and set supplies! Thank you so much!,3083008743
Alexis,01/14/2024,5,I’ve been doing bolus feeds and meds for 10 years and I was thrilled to have come across these!! This is such an amazing way to organize and set supplies! Thank you so much!,3083008743
Lindsey,01/13/2024,5,Great product! Will definitely use this seller again.,3153705090
sdfranks25,01/13/2024,4,Satisfied with this product and shipping was fast,3130478242
sdfranks25,01/13/2024,5,Satisfied with this product and received quickly,3130478242
Lauren,01/12/2024,5,"This is PERFECT for my son who does gravity feeds with his NG tube, especially for daycare!",3169182068
Hailey Fowle,01/06/2024,5,Loved this shirt for my son! Super cute!,3114302105
lisacg81,01/01/2024,4,Great item will use again,3161929854
Julie,12/27/2023,5,"Exactly like the picture shows, instead of putting my 60ml syringes anywhere, they are now in one place the stickiness at the back has met my expectations they are perfect I would recommend them 👌 thank you, Julie X",3140382934
17tfL,12/22/2023,5,Fast shipping. Helping me keep organized!,3137529119
Candice,12/18/2023,5,So cute for my boy,3115414214
Brittany,12/17/2023,5,True to size and so cute!,3121503890
Brittany,12/17/2023,5,Love it they are awesome!,3121503890
Laura,12/12/2023,5,Great product and good quality.,3028595845
Casey Wadas,12/11/2023,5,Everything was as mentioned. Cool!,3102010515
Inactive Etsy Member,12/08/2023,5,This item is so convenient!,3115222827
agrant160,12/08/2023,5,Am amazing product! Would recommend,3112749971
Joe,12/04/2023,4,"The first set of syringes from Amazon were too wide for the hole, but they were able to balance at the tip pretty well.  Now I have Basik syringes and they don’t fit at all",3081624753
beckijungman,12/03/2023,5,Adorable shirt!! Incredibly fast shipping!! Thanks for the tubie rack too! I didn't even know I needed it but now I can't live without it!!!,3106563217
Michelle,12/01/2023,5,Happy to finally had a way to store my syringe,3096047213
redneckbyproxy,11/30/2023,5,You have to get one of these!  I always hated that I could never get these to drain completely. I just thought it was gross to have water left in it even if it was clean water.  I can stick these anywhere. I liked them so much I bought 2 of the other ones that hold the syringe also!  Very sturdy and well made. Looks like it does in the pictures.,3064658311
Amanda,11/30/2023,5,Quick shipping and good packaging. Excited to see how this item works,3096668986
Sarah,11/23/2023,5,It came as expected but smaller in person. Did its job though!,3078828458
lwashburn32,11/22/2023,5,Awesome product! Works great. Thank you for the quick delivery.,3083484649
Teshiya,11/22/2023,5,,3081157069
Teshiya,11/22/2023,4,,3081157069
lwashburn32,11/22/2023,5,These are great for organizing some of my sons needs supplies. Thank you so much for the speedy delivery.,3083484649
ashotty76,11/21/2023,5,Quick shipping. Just as described.,3083635931
redneckbyproxy,11/21/2023,5,"This is a must have! Good,sturdy construction and I am sorry I didn’t know about this sooner!",3073726415
Angela,11/18/2023,5,Arrive safe and sound in New Zealand. Thank you.,3070067786
Ro,11/13/2023,5,Very useful for us to make sure our tubie stuff is well organized!,3064722671
Ro,11/13/2023,5,Very useful for us to make sure our tubie stuff is well organized!,3064722671
Danielle,11/10/2023,5,"we love this! very useful, thank you!",3064830780
Ashley Nichole,10/27/2023,5,Love it and it just as described,3048235859
Cursed Cuteness,10/24/2023,5,Just what we were looking for! Thank you.,3038448949
Kristina,10/22/2023,5,Great quality. Exactly as pictured! And exactly what I needed for my tube feeding/meds!,3049821044
Kristina,10/22/2023,5,Great quality. Exactly as pictured! And exactly what I needed for my tube feeding/meds!,3049821044
Kristina,10/22/2023,5,Great quality. Exactly as pictured! And exactly what I needed for my tube feeding/meds!,3049821044
Kristina,10/22/2023,5,Great quality. Exactly as pictured! And exactly what I needed for my tube feeding/meds!,3052087830
Kristina,10/22/2023,5,Great quality. Exactly as pictured! And exactly what I needed for my tube feeding/meds!,3049821044
Kristina,10/22/2023,5,Great quality. Exactly as pictured! And exactly what I needed for my tube feeding/meds!,3052087830
Kristina,10/22/2023,5,Great quality. Exactly as pictured! And exactly what I needed for my tube feeding/meds!,3052087830
Kristina,10/22/2023,5,Great quality. Exactly as pictured! And exactly what I needed for my tube feeding/meds!,3052087830
Kristina,10/22/2023,5,Great quality. Exactly as pictured! And exactly what I needed for my tube feeding/meds!,3052087830
Kristina,10/22/2023,5,Great quality. Exactly as pictured! And exactly what I needed for my tube feeding/meds!,3052087830
Megan,10/20/2023,5,Perfect for those late night feedings!,3047010106
Nicole,10/08/2023,5,Worked perfectly to organize the extensions!,3024302931
Nicole,10/08/2023,5,Worked perfectly to organize the extensions!,3024302931
Nicole,10/08/2023,5,Work perfectly for hanging the extensions and keeping them organized!,3024302931
Rebecca,10/01/2023,5,Holds extension sets and syringe securely.,3018825356
Rossana,09/26/2023,5,,2987892169
Heather,09/21/2023,5,These are so perfect for our syringes. They're just what i needed to organize and dry them after cleaning 👍,3000461258
Heather,09/21/2023,5,These are amazing. If you have a gtube kid you need these too help clean and organize your life,3000461258
Christina,09/21/2023,5,,2967895990
JN,09/19/2023,5,Fast shipping with superb sticker quality! It fit edge to edge for my tube baby infinity pump!,2997617481
Brian,09/19/2023,5,,3002510408
Mandy,09/15/2023,5,,2994847977
Nicole,09/14/2023,5,This is my third purchase from this site and I've loved all of them. Definitely make my life easier!,3002792070
innerbeautycompany,09/12/2023,4,It has difficult sticking to the Velcro,2981312874
Brenda,09/12/2023,5,They came  fast and the seller was  great  to work with.,3000960978
Michael,09/08/2023,5,,2984019354
QUEEN,09/03/2023,5,,2986719733
Nicole,08/29/2023,5,"This is literally a life saver, definitely worth the money!",2962978744
Natalia,08/29/2023,5,,2978347734
Sign in with Apple user,08/24/2023,5,,2984152040
Christy,08/22/2023,5,These are perfect for organized my kitchen and getting rid of parts everywhere! They are durable and stick great to the side of my cabinet.,2964018519
jo,08/17/2023,5,super great!,2968153587
Becky,08/10/2023,5,,2966110502
Holly,08/04/2023,5,,2960512464
Holly,08/04/2023,5,,2960512464
GodGivenPhotography,08/01/2023,5,,2895303318
Rebekah,07/31/2023,5,,2943084642
Kelsey,07/28/2023,5,,2952146824
Sasha,07/27/2023,5,,2932291337
Sasha,07/27/2023,5,,2932291337
Lillie,07/25/2023,5,,2949097091
Kimberly,07/18/2023,5,Love this! Makes keeping track of clean extensions easy and nicer than hanging through my cabinet handles lol!! Love that it came with the command strip to hang out with.,2939770708
Heather,07/17/2023,5,,2935943784
Heather,07/17/2023,5,,2935943784
Candice,07/17/2023,4,I decided to have two holes drilled to mount it onto a cabinet. Other than that it works perfectly.,2899829231
Madalynn,07/14/2023,5,,2941969758
Shaunté,07/11/2023,5,Works great. Just what I needed. Thank you so much. I plan to purchase more in the future.,2932243612
Shaunte,07/11/2023,5,Came out perfect. I am really happy with this item and will be back if/when I need more. Thank you so much for working with me on the colors.,2936729678
Hello hello,07/07/2023,5,this is my favorite shop for feeding tube organization supplies,2922952367
Ann Marie,07/05/2023,5,Excellent quality and meets my needs perfectly. I just ordered a second one!,2928760247
ashtonsmith695,07/05/2023,5,,2861028214
ashtonsmith695,07/05/2023,5,,2862300095
ashtonsmith695,07/05/2023,5,,2862300095
Trista,07/01/2023,5,,2929608026
Cindy,06/15/2023,5,,2910990970
andria,06/14/2023,5,,2908118492
Alli,06/10/2023,5,,2902959967
Celia,06/06/2023,5,,2899150255
Celia,06/06/2023,5,,2900570841
Sherree,06/06/2023,5,"Love it! Looks exactly like the pictures. 
Has a 3m adhesive on the back.",2892581332
Venture,06/06/2023,5,,2870192355
Bee,06/03/2023,5,,2901015428
Bee,06/03/2023,5,,2901015428
Sarah,06/03/2023,5,,2902222548
Chelsea,05/30/2023,5,,2835255076
Venture,05/29/2023,5,,2876788710
James,05/27/2023,5,,2892153318
Shannon,05/23/2023,5,,2889533786
Erin,05/18/2023,5,,2877416599
Audrey,05/18/2023,5,,2879415460
Ebony,05/17/2023,5,,2877949657
monkey2899,05/09/2023,5,,2872512691
Vanessa,05/09/2023,5,I dont have it up right now but as soon as I do I will repost a pic! Seller was in contact with me from the start to ensure that I received my items. Appreciate the help!,2867171967
Vanessa,05/09/2023,5,She was super awesome! Asked me what I needed with detail! And it looks amazing! I took a pic of the pump but not the setup of my gtub holder (haven’t found a spot yet) but will be ordering more soon! Thank you ^_^,2867171967
ktmelody,05/07/2023,5,Very well made. Color is great. Holds everything nicely. Will definitely be getting another for our camper!  Fast shipping as well!,2871742636
Michelle,05/07/2023,5,Absolutely amazing storage for all your extensions & syringes. I love the Spring pink color too. Thank you for making such an amazing product,2864060679
Michelle,05/07/2023,5,This is by far the best tubie storage I have. It makes organizing so much easier and helps maintain all items better. Thank you.,2864060679
Rachel,05/06/2023,5,Beautiful color and amazingly helpful!,2867268635
Rachel,05/06/2023,5,,2867268635
Rachel,05/06/2023,5,The purple is beautiful and it’s all SO well made! We use both the pump hanger and the gravity feeder and they’re both amazingly helpful.,2867268635
SibbMT,05/04/2023,5,,2862694151
SibbMT,05/04/2023,5,,2862694151
SibbMT,05/04/2023,5,,2862694151
SibbMT,05/04/2023,5,,2862694151
SibbMT,05/04/2023,5,,2862694151
Anita,05/02/2023,5,This is so much more convenient then what we were doing before.,2844652629
Vicki,04/30/2023,5,,2868627088
hannahd5915,04/29/2023,5,works very well with my son's supplies,2809551806
Kristen,04/27/2023,5,Perfect way to organize the tubes,2796990611
Rossilyn,04/15/2023,5,The best thing I could have purchased!!!,2840749227
Jenise,04/14/2023,5,Great product!!,2841785491
September,04/14/2023,5,,2826625515
September,04/12/2023,5,,2826625515
John Burke,04/10/2023,5,Great seller! Item was as described with fast shipping. I'm a repeat customer and I will shop here again. Thank you!,2844637157
Ashley olaughlin,04/08/2023,5,They went above and beyond she made my day with what she  did for my son it was amazing thank you,2840082824
Audrey,04/08/2023,5,,2847764612
Gabby,04/01/2023,4,,2840063578
Jamie,03/26/2023,5,,2819612537
Jessica,03/25/2023,5,,2813382371
Bianca,03/24/2023,5,,2812447389
Sign in with Apple user,03/22/2023,5,,2817910440
Chelsea,03/21/2023,5,,2806317110
Constance,03/20/2023,5,,2823838182
Constance,03/20/2023,5,,2823838182
Sarah,03/20/2023,5,,2821686602
Salena,03/20/2023,5,,2821176772
Mona,03/15/2023,5,,2781046892
Teresa,03/14/2023,5,This product is amazing. It keeps your syringes up and out of the way. No more dropping them in the floor.,2816612438
Alaina,03/12/2023,5,,2814627484
Nikosmami,03/12/2023,5,,2809556938
joni,03/10/2023,5,They are perfect for drying my daughter’s jtubes..,2802240994
Tia,03/08/2023,5,Hands down my favorite tubie tool I’ve every purchased!,2801870787
Alex,03/07/2023,5,,2774867386
Alexis,03/02/2023,5,It looks and works great,2763569965
Christine,02/24/2023,5,,2792621552
Elizabeth,02/20/2023,5,Has been great for clearing out and making room for everything.,2784418084
Elizabeth,02/20/2023,5,"Fantastic, saves us a lot of room on the countertop.",2784418084
Elizabeth,02/20/2023,5,"Wonderful, so glad it comes with the command velcro strips so you can put it up, take it down, and move it around.",2784418084
Elizabeth,02/20/2023,5,"Great, saves lots of room on the countertop.",2784418084
Elizabeth,02/20/2023,5,AMAZING! This is saving us so much counter space.,2784418084
Brenda,02/20/2023,5,,2781220843
Brenda,02/20/2023,5,,2786072130
Inactive Etsy Member,02/14/2023,5,,2786652786
Inactive Etsy Member,02/14/2023,5,Seriously top quality and an amazing tool for all of the stuff you need! Didn’t know I needed it until I had them!!,2786652786
santoya,02/12/2023,5,,2766230802
Alexis,02/08/2023,5,Absolutely love the sticker made for my son. They gave me options for colors and I gave them creativity to pick what they thought would match the other products I bought and I absolutely love it. They also added a cute little dinosaur sticker to it too. It’s just perfect and my son is happy and loves it. ♥️,2776121226
E.,02/08/2023,5,Loved this! Works perfectly!! Exactly what we needed.,2767024717
Crystal,02/06/2023,5,,2754305071
Tiannen,01/30/2023,5,Perfect! Love having some her to hang extensions,2768119758
Destiny,01/27/2023,4,,2719719512
promisetolove,01/26/2023,5,"Love it! Very solid/thick piece, not flimsy. Comes with a Velcro strip on the back. Fast delivery and had a lil personalized note. Definitely would recommend",2768768419
chicrocky,01/23/2023,5,"Hi. I have a 3 month old tubie baby. I purchased 2 of these tools to hang his extensions & other tubing to dry. I only received 1 but when I contacted the seller she was extremely pleasant, did not hesitate to send me the 2nd. Definitely recommend these!",2732319074
Brooke,01/20/2023,5,Love the syringe and extension holders. If they ever end up making a syringe holder for 6 ml syringes I will be the first to buy.,2764712426
Melissa,01/18/2023,5,"What a great item, that make cleaning extension sets and syringes so much easier. Thanks!",2756890765
Jennifer,01/17/2023,4,,2751163068
Jennifer,01/17/2023,4,,2751163068
Jessica,01/17/2023,5,,2752228160
Jessica,01/17/2023,5,"Great quality , fast shipping, easy to put on! So cute! Love it!",2752228160
Chrissy,01/17/2023,5,,2740952047
Chrissy,01/17/2023,5,,2740952047
dawgfan589,01/12/2023,5,This is perfect! Thank you for making items that no one thinks of but is very much essential!,2744592945
Jenny,01/06/2023,5,These are great devices! Super functional.,2746765104
Jenny,01/06/2023,5,These are amazing and so functional. Exactly what I was needing.,2746765104
Jenny,01/06/2023,5,These are amazing! Exactly what I was needing.,2746765104
Marie,01/05/2023,5,,2741306174
Jenny,01/05/2023,5,These are perfect! I can’t wait up get them hung up to use.,2746765104
monkey2899,01/04/2023,5,,2743807924
Megan,01/02/2023,5,Perfect for storing and drying gtube extensions!,2734394647
Michelle,12/29/2022,5,This holds quite a few of the tubes. Mine came w/ the strips to mount and I can move between rooms and or rinse clean if I need to. I bought more of the strips so I can replace it if I need to too!,2727774815
Hailee,12/27/2022,4,"It’s perfect, my extensions last so much longer because they actually dry between uses.",2730510788
Erika,12/20/2022,5,,2723296292
Marlene,12/19/2022,5,"Item arrived in 2 days! Incredibly
Helpful for my son and family. Thank you for making an impact on these kiddos lives!",2734461618
Michelle,12/19/2022,3,,2601656836
Kristin,12/17/2022,5,,2656764775
Sydney,12/14/2022,5,,2624167103
Amber,12/13/2022,5,,2709169301
Amber,12/13/2022,5,Fast to respond and was able to accommodate color request. Fast shipper. Very pleased with purchase.,2709169301
Crystal,12/10/2022,5,"love this product it’s handy and easy to use, we all know with rubies babies we need easy practical and efficient and this is just that",2699892423
Alaina,12/06/2022,5,,2698365055
Alaina,12/06/2022,5,,2698365055
Jamie,12/05/2022,5,I didn't think I would use this as much as I do. I thought it was an extra buy to have but it is a life changer! Hanging the extension tube to dry has been so efficient for us! Thank you for making this! More people need it!,2587959893
Michelle,12/03/2022,5,A must have. I wish I would have ordered this sooner. It’s so well made and a nice addition to keep my supplies in order and help with drying them. I love this!!!,2690041340
Michelle,12/03/2022,5,A must have. It’s so well made and a nice addition to keep my supplies in order and help with drying them.,2690041340
Yuwei,11/30/2022,5,Fast shipping. Great product.,2686306290
Gi,11/29/2022,5,,2579840170
Gi,11/29/2022,5,,2579840170
Landon,11/20/2022,5,Got mine in the mail today. Fast shipping! This product is even better quality than I expected. The syringes kind of snap in.. easily. So it’s really secure yet easy to still put them in and take them out. I will be buying more!! Thank you!,2666842345
victoria,11/14/2022,5,This item is perfect. It works exactly like the pictures. Our extensions fit snug so they don't fall out! 100 percent will purchase more items from this shop!,2636315467
Sara,11/13/2022,5,,2654304958
Nicole Bachman,11/11/2022,5,,2596938039
Alyssa,11/09/2022,5,,2656963652
kdpinon861,11/08/2022,5,,2652217822
kdpinon861,11/08/2022,5,,2652217822
Nancy,11/02/2022,5,"Nice!!  Quality great, so glad you offer these.",2642201951
Stephanie Mitchell,11/01/2022,3,Great idea and works great until the backing that holds it in place doesn't last,2577612105
Jade,10/24/2022,5,,2629776447
Amanda,10/23/2022,5,,2637781452
Tamara,10/22/2022,5,,2615040536
kdpinon861,10/16/2022,5,,2615954887
kdpinon861,10/16/2022,5,,2615954887
kdpinon861,10/16/2022,5,"This is the third time I will be ordering and this is the only place I'd trust for getting syringe holders...
I wish there was a holder that held more then one 60ml tho....but I'll keep getting these each month until I feel like I have enough....they work gtrea!  Thank you",2615954887
Ava,10/16/2022,5,,2625534695
Lexi,10/15/2022,5,,2538757265
Pearl,10/14/2022,5,,2625239327
Krista Mirelez,10/06/2022,5,,2611481755
Ashtyn,10/04/2022,5,,2615926368
kdpinon861,09/29/2022,5,Thank you!  I love it,2592068022
Leah,09/25/2022,5,,2589611259
Ashley,09/20/2022,5,Item works great! I love that I can keep extensions up and out of the way now!,2587974706
John Burke,09/20/2022,5,Item as described and holds my syringes perfectly. I an very happy with my purchase and will shop here again!,2587445517
John Burke,09/20/2022,5,Item as described and holds my syringes perfectly. I an very happy with my purchase and will shop here again!,2587445517
jennifer07181,09/11/2022,5,Fantastic little gadget! Got it in the hot pink. Perfect!,2591334940
Melissa,09/09/2022,5,Thank you,2586004771
Haley,09/08/2022,5,,2553831678
Amy,09/04/2022,5,Color is just what I ordered. Love how it came out. Great work.,2508979365
Denie,09/04/2022,4,Not as helpful as I thought it would be for my family because we didn't have a good place to hang these.,2542631563
Meaghen,08/17/2022,5,,2559662147
Becky,08/15/2022,5,,2535966838
Wray,08/14/2022,3,"Nothing wrong with the product, it was on my side that I did not look more carefully about my application of it and in the end was not a fit for my experiment",2553839836
Hello hello,08/14/2022,5,perfect product if you have a lot of supplies and want to be organized!,2557278843
Hello hello,08/14/2022,5,"absolutely love this product and store. they come with command strips so you can immediately put them up! I started using them today and I'll never go back to drying them the old way with towels in a plastic tray. also super fast Shipping and great price. if you have a lot of syringes and extensions, this will help! I also dry my port covers using the extension organizer.",2557278843
Inactive Etsy Member,08/07/2022,5,I love it. It’s so convenient and a tube feed necessity. Super fast shipping but my favorite part was that they even included the command strip already installed on it so I was able to put it up super easily. Will likely by the syringe one next once I determine what size I need.,2553287124
gregoireliseanne,08/06/2022,5,I had a few questions to ask prior to purchasing. The owner was so quick to get back to me and incredibly friendly! It came quickly and I already have it hung up in my kitchen! Thank you!!,2553264148
Tosha Bennett,08/06/2022,5,I Freaking ❤️❤️❤️THIS!!,2551784503
Stacey,08/02/2022,5,Awesome durable product. Fast service!,2547772786
Kasie,08/02/2022,5,,2466728554
Nicole,07/29/2022,5,Love this! Will be ordering the other tubie tools to go with soon!!!,2541673383
Amy,07/27/2022,5,,2538989818
Leah,07/22/2022,5,,2522931658
Leah,07/22/2022,5,,2522931658
Leah,07/22/2022,5,,2522931658
Leah,07/22/2022,5,,2522931658
Lexi,07/21/2022,5,,2510153767
Lexi,07/21/2022,5,I was keeping all my syringes on the counter after washing them but it took up so much space. Bought this in hopes of giving me back my counter. Needless to say… I’m purchasing more as i am primary caregiver for my grandma and we both have feeding tubes. These are a genius idea and are wonderful at allowing syringes to dry without taking up excessive space. And I love that they use command strips to stick so they do ruin my walls and I can move them if needed.,2510153767
Traci,07/21/2022,4,So far no issues. It came to be helpful still pretty well so far. No issues.,2534611360
Tracie,07/19/2022,5,,2519987411
Melanie,07/19/2022,4,Works just like  it says!!!,2531673410
chippyboi,07/08/2022,5,,2522945184
Mayra,07/07/2022,5,,2519016378
Mayra,07/07/2022,5,,2519016378
Angelita,07/06/2022,3,,2495477921
Cayce,07/04/2022,5,,2513245323
Susan,06/30/2022,5,,2508032373
Alana Calderon,06/24/2022,5,,2511888566
Alana Calderon,06/24/2022,5,,2511888566
amber,06/24/2022,5,,2481342967
amber,06/24/2022,5,,2481342967
ruditime1993,06/21/2022,5,Perfect for organizing my tubie stuff! Fantastic customer service answering questions and help with shipping errors made by shipping service.,2496428501
ruditime1993,06/21/2022,5,Perfect for organizing my tubie stuff! Fantastic customer service answering questions and help with shipping errors made by shipping service.,2496428501
ruditime1993,06/21/2022,5,So cute!,2496428501
ruditime1993,06/21/2022,5,Perfect for organizing my tubie stuff! Fantastic customer service answering questions and help with shipping errors made by shipping service.,2496428501
ruditime1993,06/21/2022,5,Perfect for organizing my tubie stuff! Fantastic customer service answering questions and help with shipping errors made by shipping service.,2496428501
Brenda,06/19/2022,5,,2505408918
Brooke,06/16/2022,4,Worked great. Bought two. May have to modify the adhesive backing because you have to use two hands to make sure it doesnt shift. Easy fix though.,2451738406
Emily,06/15/2022,5,,2497059940
Bethany,06/15/2022,5,Love these!!! I ordered 2 and they have been so helpful.,2500750413
Bethany,06/15/2022,5,amazing product!! So helpful & easy.,2500750413
elise,06/14/2022,5,,2501067403
Taylor,06/12/2022,5,Love it! And shipping was extremely quick!,2498078269
Sign in with Apple user,06/01/2022,5,,2485958556
Kelly,06/01/2022,5,Where has this been all our tubie life? It’s a must have for tubie parents!,2427065593
Marissa,05/27/2022,5,"Great quality and an amazing product. We were using a bottle drying rack to dry our daughters tube but since we didn’t need bottles or the rack anymore we were looking for another option. So glad we found this! 

Fast shipping and a great shop to purchase from!",2482693621
Trenisha Okoebor,05/26/2022,5,,2477638030
Trenisha Okoebor,05/26/2022,5,,2477638030
Trenisha Okoebor,05/26/2022,5,,2477638030
Trenisha Okoebor,05/26/2022,5,,2477638030
Amelia,05/22/2022,5,It’s exactly as advertised. Shipping was fast!,2477402957
Jenny,05/16/2022,5,,2470699267
Sarah,05/12/2022,5,Wonderful product and received quickly,2445213548
Amber,05/12/2022,5,Great idea and helpful hack for tubies,2453756341
Bobbie,05/07/2022,5,As a person new to having a Mic-key tube: this device is very helpful in having a convenient way to dry my tubing. It arrived very promptly!,2461157066
Sarah,04/30/2022,5,,2454504565
Whitney,04/29/2022,5,,2452002690
Barbara Thompson,04/28/2022,5,Genius! Finally I can hang dry my extensions safely! Highly recommend!,2443839507
nfsenbhb,04/27/2022,5,Works great. Only issue is it keeps falling off of my wall,2444238251
Hilary,04/22/2022,5,,2444096725
Sign in with Apple user,04/21/2022,5,,2432230445
Jessica,04/21/2022,5,,2441264271
Katrina,04/20/2022,5,,2345655299
Lindsey,04/20/2022,5,,2441975896
Georgie,04/18/2022,5,,2439672120
stephinecline1,04/15/2022,4,,2429149992
Alicia,04/15/2022,5,I am always looking for a new tubie accessory to make my life easier. Before I was using a chip-clip to hang up our extensions. So this little gem is a welcomed find! I’ll be picking up a second one for our camper :),2425051064
Barbara Thompson,04/14/2022,5,Genius! Don’t have to worry about rigging a way to hang my extensions!,2433370700
Sign in with Apple user,04/09/2022,5,,2432941281
"Jaclynn ",04/09/2022,5,,2433426817
Elena,04/08/2022,5,This is a life changer!!! It helps with saving more extensions and syringes because they actually have a way to dry. Buy this and your tubie life will benefit,2353819069
Rebecca,04/05/2022,5,,2398942999
Sign in with Apple user,03/25/2022,5,,2414239249
Emily,03/20/2022,5,perfect fit for our daughter's G-tube extensions! Quick shipping and I love that the command strip was already on the back for quick hanging! thanks again!,2410708098
Joy W.,03/20/2022,5,Good quality good product I'm happy with this purchase,2399636367
Courtney,03/18/2022,5,,2403730683
stretchyfishy,03/16/2022,5,,2397930585
karen,03/12/2022,5,"Omg, this product is fantastic.  Totally solves an annoying problem of drying out tubes.  They don’t fall off. Totally Genius!",2401893450
Christina,03/12/2022,5,Love it my counter looks more better having less stuff  on it,2388420406
Kinga,03/11/2022,5,Fantastic! Makes life so much easier.,2387468934
Norah,03/08/2022,5,Wonderful product at the perfect time.  Thank you!,2390346430
Vera,03/03/2022,5,Very good quality and a kind seller 😁,2380398316
Samantha,03/01/2022,5,,2383930373
Megan,03/01/2022,5,I love how easy it makes storing extensions.,2376675028
Priyambada,02/24/2022,5,,2377075149
Brittany,02/18/2022,5,,2371711006
camnej225,02/12/2022,5,Best best best tubie mom love it,2357683930
Jessica,02/11/2022,5,,2353735727
Stephanie Mason,02/10/2022,5,Very happy with this product!,2363615830
Stephanie Mason,02/10/2022,5,Very happy with this product.,2363615830
Stephanie Mason,02/10/2022,5,I love it! It’s going to make cleaning/storing my sons feeding extensions so much easier.,2363615830
Kynesha,02/04/2022,4,,2301764464
Dev,01/29/2022,5,Exactly what I needed to solve the super specific issue of drying feeding tube extensions. Works great! If you have a thicker extension (my G extension is a bit bigger) it still works but is a bit harder to use.,2339475396
Cheryl,01/28/2022,5,,2355398262
Jakelyne Sierra,01/25/2022,5,,2339289848
Sign in with Apple user,01/24/2022,5,,2350696907
Victoria,12/30/2021,5,So convenient to hang tubies beside the sink!,2316117044
Charlene Aguilar,12/23/2021,5,,2285918791
Stephany,12/16/2021,5,This was a great purchase! It keeps g-tube connecters where I can easily find and store them after washing.,2225551790
Deydina,12/08/2021,5,I love it! i would absolutely recommend!,2281456973
Christine,12/02/2021,5,,2271924952
Sign in with Apple user,11/28/2021,5,Love this!!,2247889034
Shirrell,11/19/2021,5,,2250375556
Shirrell,11/19/2021,5,,2250375556
marissa,11/15/2021,5,perfect . tubes are always right there when I need them. no longer need to dig through the diaper bag,2218223225
Darla,11/14/2021,5,,2236865153
Nadene,11/11/2021,5,Great product!  Glad I found it and was able to order :),2232464885
Jayy,11/06/2021,5,"Nice quality, useful product for gravity feeding",2224299450
Nicole,11/04/2021,5,,2226967942
17tfL,10/11/2021,5,Great product! So glad I found this shop.,2198577236
Nicole,10/11/2021,5,"Such a nifty tool! My preemie is doing a mix of bottles & gravity feeds & this helps so much not only being hands free, but also keeping a consistent flow going.",2204069729
brittany,10/09/2021,5,,2198038680
Darlene,10/09/2021,5,My new favorite thing! Wash and hang to dry. I don’t lose the extensions anymore,2199402703
Sara Kate,10/08/2021,5,,2199022285
Sara Kate,10/08/2021,5,,2199022285
Sarah,09/22/2021,5,Absolutely love it comes in handy,2184892809
Ms.Blue,09/17/2021,5,I ordered these and they were shipped immediately. I received within a wk. love these for hanging my sons tubes!,2173522666
Shannon,09/09/2021,5,"I am so happy with my purchase! The item is just as pictured, is great quality, and my son's extension tubes fit right in! I also appreciate the hand-written note! Thank you!!!",2166062240
Amanda,09/07/2021,5,"This is great! It makes feeding our daughter so much easier! There was a mistake originally in sending us the wrong one, and the seller was amazing about correcting it. I highly recommend for anyone who does bolus feeds.  I would buy again in a heartbeat!",2140673289
Kelsey,08/12/2021,5,,2126529238
Ms.Blue,08/10/2021,5,Tubes fit perfectly and high quality materials,2127235306
Ana,08/05/2021,5,,2137256425
Samantha,06/05/2021,5,,2068637903
brikaylad,05/06/2021,5,Awesome product! Works great! Command strips are a plus too,2039310933
Amanda,04/28/2021,5,Why didn't I get one of these sooner?! This is life-changing. My son's g-tube extensions fit in it perfectly and now my counter isn't messy anymore :),2034149103
yeeunkim2010,02/03/2021,5,,1931634072
Jo,11/29/2020,5,,1815479325
Jo,11/29/2020,5,,1815479325
Juliana,11/26/2020,5,,1799069712
Christy,11/11/2020,5,works great. Blends in with kitchen cabinets so barely noticable.,1810743225
Maegan,08/23/2020,5,,1744261177
Julia,08/15/2020,5,"Holes are slightly too small to fit the MICKEY bolus tuning but you can scrunch them in pretty easily, other than that these are super great and helpful!",1727380386
mitomommy09,08/12/2020,5,Life changer! This extension holder has made everything so much easier for us to manage all my daughter syringes and extensions it’s not a big mess anymore! Thank you!!,1726782433
mitomommy09,08/12/2020,5,"Easy to order, great communication and fast shipping! We love this syringe holder it’s perfect!",1726782433
Pattie,05/21/2020,5,,1594663562
Nicole,04/28/2020,5,,1604433531
Nicole,04/28/2020,5,,1604433531
Sarah,04/24/2020,5,,1594825710
Sarah,04/24/2020,5,,1594825710
Amy,04/12/2020,5,These are awesome! I don’t have a lot of counter space as it is so these get the tubing and syringe off the counter in between feedings.,1594660724
Amy,04/12/2020,5,These are awesome! I don’t have a lot of counter space as it is so these get the tubing and syringes off the counter and out of the way in between uses.,1594660724
